Workbook

Sheet רווח והפסד
A1: סעיף | B1: 2024 | C1: 2025 | D1: 2026
A2: הכנסות | B2: 12000000 | C2: 14500000 | D2: 17200000
A3: עלות המכר | B3: 7200000 | C3: 8400000 | D3: 9800000
A4: רווח גולמי | B4: =B2-B3 -> 4800000 | C4: =C2-C3 -> 6100000 | D4: =D2-D3 -> 7400000
A5: הוצאות תפעול | B5: 2900000 | C5: 3300000 | D5: 3900000
A6: רווח תפעולי | B6: =B4-B5 -> 1900000 | C6: =C4-C5 -> 2800000 | D6: =D4-D5 -> 3500000
A7: מס | B7: =B6*0.23 -> 437000 | C7: =C6*0.23 -> 644000 | D7: =D6*0.23 -> 805000
A8: רווח נקי | B8: =B6-B7 -> 1463000 | C8: =C6-C7 -> 2156000 | D8: =D6-D7 -> 2695000

Sheet מאזן
A1: סעיף | B1: 2024 | C1: 2025 | D1: 2026
A2: מזומן | B2: 1100000 | C2: 1450000 | D2: 1900000
A3: לקוחות | B3: 2300000 | C3: 2700000 | D3: 3100000
A4: רכוש קבוע | B4: 5000000 | C4: 5400000 | D4: 6100000
A5: סה"כ נכסים | B5: =SUM(B2:B4) -> 8400000 | C5: =SUM(C2:C4) -> 9550000 | D5: =SUM(D2:D4) -> 11100000
A6: עודפים (מרווח נקי) | B6: ='רווח והפסד'!B8 -> 1463000 | C6: ='רווח והפסד'!C8 -> 2156000 | D6: ='רווח והפסד'!D8 -> 2695000

Sheet תזרים
A1: סעיף | B1: 2024 | C1: 2025 | D1: 2026
A2: רווח נקי | B2: ='רווח והפסד'!B8 -> 1463000 | C2: ='רווח והפסד'!C8 -> 2156000 | D2: ='רווח והפסד'!D8 -> 2695000
A3: פחת | B3: 400000 | C3: 460000 | D3: 520000
A4: תזרים מפעילות שוטפת | B4: =B2+B3 -> 1863000 | C4: =C2+C3 -> 2616000 | D4: =D2+D3 -> 3215000
